ori_idx,prompt
1,birds have more legs than octopuses. Do birds have more legs than octopuses?
1,birds have more legs than octopuses. Do birds have fewer legs than octopuses?
1,birds have more legs than octopuses. Do octopuses have more legs than birds?
1,birds have more legs than octopuses. Do octopuses have fewer legs than birds?
1,birds have fewer legs than octopuses. Do birds have more legs than octopuses?
1,birds have fewer legs than octopuses. Do birds have fewer legs than octopuses?
1,birds have fewer legs than octopuses. Do octopuses have more legs than birds?
1,birds have fewer legs than octopuses. Do octopuses have fewer legs than birds?
1,octopuses have more legs than birds. Do birds have more legs than octopuses?
1,octopuses have more legs than birds. Do birds have fewer legs than octopuses?
1,octopuses have more legs than birds. Do octopuses have more legs than birds?
1,octopuses have more legs than birds. Do octopuses have fewer legs than birds?
1,octopuses have fewer legs than birds. Do birds have more legs than octopuses?
1,octopuses have fewer legs than birds. Do birds have fewer legs than octopuses?
1,octopuses have fewer legs than birds. Do octopuses have more legs than birds?
1,octopuses have fewer legs than birds. Do octopuses have fewer legs than birds?
3,nests are bigger than igloos. Are nests bigger than igloos?
3,nests are bigger than igloos. Are nests smaller than igloos?
3,nests are bigger than igloos. Is igloos bigger than nests?
3,nests are bigger than igloos. Is igloos smaller than nests?
3,nests are smaller than igloos. Are nests bigger than igloos?
3,nests are smaller than igloos. Are nests smaller than igloos?
3,nests are smaller than igloos. Is igloos bigger than nests?
3,nests are smaller than igloos. Is igloos smaller than nests?
3,igloos are bigger than nests. Are nests bigger than igloos?
3,igloos are bigger than nests. Are nests smaller than igloos?
3,igloos are bigger than nests. Is igloos bigger than nests?
3,igloos are bigger than nests. Is igloos smaller than nests?
3,igloos are smaller than nests. Are nests bigger than igloos?
3,igloos are smaller than nests. Are nests smaller than igloos?
3,igloos are smaller than nests. Is igloos bigger than nests?
3,igloos are smaller than nests. Is igloos smaller than nests?
5,molehills are bigger than mountains. Are molehills bigger than mountains?
5,molehills are bigger than mountains. Are molehills smaller than mountains?
5,molehills are bigger than mountains. Are mountains bigger than molehills?
5,molehills are bigger than mountains. Are mountains smaller than molehills?
5,molehills are smaller than mountains. Are molehills bigger than mountains?
5,molehills are smaller than mountains. Are molehills smaller than mountains?
5,molehills are smaller than mountains. Are mountains bigger than molehills?
5,molehills are smaller than mountains. Are mountains smaller than molehills?
5,mountains are bigger than molehills. Are molehills bigger than mountains?
5,mountains are bigger than molehills. Are molehills smaller than mountains?
5,mountains are bigger than molehills. Are mountains bigger than molehills?
5,mountains are bigger than molehills. Are mountains smaller than molehills?
5,mountains are smaller than molehills. Are molehills bigger than mountains?
5,mountains are smaller than molehills. Are molehills smaller than mountains?
5,mountains are smaller than molehills. Are mountains bigger than molehills?
5,mountains are smaller than molehills. Are mountains smaller than molehills?
7,trees are bigger than buildings. Are trees bigger than buildings?
7,trees are bigger than buildings. Are trees smaller than buildings?
7,trees are bigger than buildings. Are buildings bigger than trees?
7,trees are bigger than buildings. Are buildings smaller than trees?
7,trees are smaller than buildings. Are trees bigger than buildings?
7,trees are smaller than buildings. Are trees smaller than buildings?
7,trees are smaller than buildings. Are buildings bigger than trees?
7,trees are smaller than buildings. Are buildings smaller than trees?
7,buildings are bigger than trees. Are trees bigger than buildings?
7,buildings are bigger than trees. Are trees smaller than buildings?
7,buildings are bigger than trees. Are buildings bigger than trees?
7,buildings are bigger than trees. Are buildings smaller than trees?
7,buildings are smaller than trees. Are trees bigger than buildings?
7,buildings are smaller than trees. Are trees smaller than buildings?
7,buildings are smaller than trees. Are buildings bigger than trees?
7,buildings are smaller than trees. Are buildings smaller than trees?
9,puddles are bigger than seas. Are puddles bigger than seas?
9,puddles are bigger than seas. Are puddles smaller than seas?
9,puddles are bigger than seas. Are seas bigger than puddles?
9,puddles are bigger than seas. Are seas smaller than puddles?
9,puddles are smaller than seas. Are puddles bigger than seas?
9,puddles are smaller than seas. Are puddles smaller than seas?
9,puddles are smaller than seas. Are seas bigger than puddles?
9,puddles are smaller than seas. Are seas smaller than puddles?
9,seas are bigger than puddles. Are puddles bigger than seas?
9,seas are bigger than puddles. Are puddles smaller than seas?
9,seas are bigger than puddles. Are seas bigger than puddles?
9,seas are bigger than puddles. Are seas smaller than puddles?
9,seas are smaller than puddles. Are puddles bigger than seas?
9,seas are smaller than puddles. Are puddles smaller than seas?
9,seas are smaller than puddles. Are seas bigger than puddles?
9,seas are smaller than puddles. Are seas smaller than puddles?
11,moon is bigger than earth. Is moon bigger than earth?
11,moon is bigger than earth. Is moon smaller than earth?
11,moon is bigger than earth. Is earth bigger than moon?
11,moon is bigger than earth. Is earth smaller than moon?
11,moon is smaller than earth. Is moon bigger than earth?
11,moon is smaller than earth. Is moon smaller than earth?
11,moon is smaller than earth. Is earth bigger than moon?
11,moon is smaller than earth. Is earth smaller than moon?
11,earth is bigger than moon. Is moon bigger than earth?
11,earth is bigger than moon. Is moon smaller than earth?
11,earth is bigger than moon. Is earth bigger than moon?
11,earth is bigger than moon. Is earth smaller than moon?
11,earth is smaller than moon. Is moon bigger than earth?
11,earth is smaller than moon. Is moon smaller than earth?
11,earth is smaller than moon. Is earth bigger than moon?
11,earth is smaller than moon. Is earth smaller than moon?
13,nightmare is more peaceful than dream. Is nightmare more peaceful than dream?
13,nightmare is more peaceful than dream. Is nightmare less peaceful than dream?
13,nightmare is more peaceful than dream. Is dream more peaceful than nightmare?
13,nightmare is more peaceful than dream. Is dream less peaceful than nightmare?
13,nightmare is less peaceful than dream. Is nightmare more peaceful than dream?
13,nightmare is less peaceful than dream. Is nightmare less peaceful than dream?
13,nightmare is less peaceful than dream. Is dream more peaceful than nightmare?
13,nightmare is less peaceful than dream. Is dream less peaceful than nightmare?
13,dream is more peaceful than nightmare. Is nightmare more peaceful than dream?
13,dream is more peaceful than nightmare. Is nightmare less peaceful than dream?
13,dream is more peaceful than nightmare. Is dream more peaceful than nightmare?
13,dream is more peaceful than nightmare. Is dream less peaceful than nightmare?
13,dream is less peaceful than nightmare. Is nightmare more peaceful than dream?
13,dream is less peaceful than nightmare. Is nightmare less peaceful than dream?
13,dream is less peaceful than nightmare. Is dream more peaceful than nightmare?
13,dream is less peaceful than nightmare. Is dream less peaceful than nightmare?
15,clouds is more useful than paper. Is clouds more useful than paper?
15,clouds is more useful than paper. Is clouds less useful than paper?
15,clouds is more useful than paper. Is paper more useful than clouds?
15,clouds is more useful than paper. Is paper less useful than clouds?
15,clouds is less useful than paper. Is clouds more useful than paper?
15,clouds is less useful than paper. Is clouds less useful than paper?
15,clouds is less useful than paper. Is paper more useful than clouds?
15,clouds is less useful than paper. Is paper less useful than clouds?
15,paper is more useful than clouds. Is clouds more useful than paper?
15,paper is more useful than clouds. Is clouds less useful than paper?
15,paper is more useful than clouds. Is paper more useful than clouds?
15,paper is more useful than clouds. Is paper less useful than clouds?
15,paper is less useful than clouds. Is clouds more useful than paper?
15,paper is less useful than clouds. Is clouds less useful than paper?
15,paper is less useful than clouds. Is paper more useful than clouds?
15,paper is less useful than clouds. Is paper less useful than clouds?
17,fire is more wet than rain. Is fire more wet than rain?
17,fire is more wet than rain. Is fire less wet than rain?
17,fire is more wet than rain. Is rain more wet than fire?
17,fire is more wet than rain. Is rain less wet than fire?
17,fire is less wet than rain. Is fire more wet than rain?
17,fire is less wet than rain. Is fire less wet than rain?
17,fire is less wet than rain. Is rain more wet than fire?
17,fire is less wet than rain. Is rain less wet than fire?
17,rain is more wet than fire. Is fire more wet than rain?
17,rain is more wet than fire. Is fire less wet than rain?
17,rain is more wet than fire. Is rain more wet than fire?
17,rain is more wet than fire. Is rain less wet than fire?
17,rain is less wet than fire. Is fire more wet than rain?
17,rain is less wet than fire. Is fire less wet than rain?
17,rain is less wet than fire. Is rain more wet than fire?
17,rain is less wet than fire. Is rain less wet than fire?
19,weeds are more beautiful than roses. Are weeds more beautiful than roses?
19,weeds are more beautiful than roses. Are weeds less beautiful than roses?
19,weeds are more beautiful than roses. Are roses more beautiful than weeds?
19,weeds are more beautiful than roses. Are roses less beautiful than weeds?
19,weeds are less beautiful than roses. Are weeds more beautiful than roses?
19,weeds are less beautiful than roses. Are weeds less beautiful than roses?
19,weeds are less beautiful than roses. Are roses more beautiful than weeds?
19,weeds are less beautiful than roses. Are roses less beautiful than weeds?
19,roses are more beautiful than weeds. Are weeds more beautiful than roses?
19,roses are more beautiful than weeds. Are weeds less beautiful than roses?
19,roses are more beautiful than weeds. Are roses more beautiful than weeds?
19,roses are more beautiful than weeds. Are roses less beautiful than weeds?
19,roses are less beautiful than weeds. Are weeds more beautiful than roses?
19,roses are less beautiful than weeds. Are weeds less beautiful than roses?
19,roses are less beautiful than weeds. Are roses more beautiful than weeds?
19,roses are less beautiful than weeds. Are roses less beautiful than weeds?
21,Sahara desert is hotter than Arctic. Is Sahara desert hotter than Arctic?
21,Sahara desert is hotter than Arctic. Is Sahara desert colder than Arctic?
21,Sahara desert is hotter than Arctic. Is Arctic hotter than Sahara desert?
21,Sahara desert is hotter than Arctic. Is Arctic colder than Sahara desert?
21,Sahara desert is colder than Arctic. Is Sahara desert hotter than Arctic?
21,Sahara desert is colder than Arctic. Is Sahara desert colder than Arctic?
21,Sahara desert is colder than Arctic. Is Arctic hotter than Sahara desert?
21,Sahara desert is colder than Arctic. Is Arctic colder than Sahara desert?
21,Arctic is hotter than Sahara desert. Is Sahara desert hotter than Arctic?
21,Arctic is hotter than Sahara desert. Is Sahara desert colder than Arctic?
21,Arctic is hotter than Sahara desert. Is Arctic hotter than Sahara desert?
21,Arctic is hotter than Sahara desert. Is Arctic colder than Sahara desert?
21,Arctic is colder than Sahara desert. Is Sahara desert hotter than Arctic?
21,Arctic is colder than Sahara desert. Is Sahara desert colder than Arctic?
21,Arctic is colder than Sahara desert. Is Arctic hotter than Sahara desert?
21,Arctic is colder than Sahara desert. Is Arctic colder than Sahara desert?
23,war is better than peace. Is war better than peace?
23,war is better than peace. Is war worse than peace?
23,war is better than peace. Is peace better than war?
23,war is better than peace. Is peace worse than war?
23,war is worse than peace. Is war better than peace?
23,war is worse than peace. Is war worse than peace?
23,war is worse than peace. Is peace better than war?
23,war is worse than peace. Is peace worse than war?
23,peace is better than war. Is war better than peace?
23,peace is better than war. Is war worse than peace?
23,peace is better than war. Is peace better than war?
23,peace is better than war. Is peace worse than war?
23,peace is worse than war. Is war better than peace?
23,peace is worse than war. Is war worse than peace?
23,peace is worse than war. Is peace better than war?
23,peace is worse than war. Is peace worse than war?
25,Earth is bigger than Jupiter. Is Earth bigger than Jupiter?
25,Earth is bigger than Jupiter. Is Earth smaller than Jupiter?
25,Earth is bigger than Jupiter. Is Jupiter bigger than Earth?
25,Earth is bigger than Jupiter. Is Jupiter smaller than Earth?
25,Earth is smaller than Jupiter. Is Earth bigger than Jupiter?
25,Earth is smaller than Jupiter. Is Earth smaller than Jupiter?
25,Earth is smaller than Jupiter. Is Jupiter bigger than Earth?
25,Earth is smaller than Jupiter. Is Jupiter smaller than Earth?
25,Jupiter is bigger than Earth. Is Earth bigger than Jupiter?
25,Jupiter is bigger than Earth. Is Earth smaller than Jupiter?
25,Jupiter is bigger than Earth. Is Jupiter bigger than Earth?
25,Jupiter is bigger than Earth. Is Jupiter smaller than Earth?
25,Jupiter is smaller than Earth. Is Earth bigger than Jupiter?
25,Jupiter is smaller than Earth. Is Earth smaller than Jupiter?
25,Jupiter is smaller than Earth. Is Jupiter bigger than Earth?
25,Jupiter is smaller than Earth. Is Jupiter smaller than Earth?
27,summer is colder than winter. Is summer colder than winter?
27,summer is colder than winter. Is summer hotter than winter?
27,summer is colder than winter. Is winter colder than summer?
27,summer is colder than winter. Is winter hotter than summer?
27,summer is hotter than winter. Is summer colder than winter?
27,summer is hotter than winter. Is summer hotter than winter?
27,summer is hotter than winter. Is winter colder than summer?
27,summer is hotter than winter. Is winter hotter than summer?
27,winter is colder than summer. Is summer colder than winter?
27,winter is colder than summer. Is summer hotter than winter?
27,winter is colder than summer. Is winter colder than summer?
27,winter is colder than summer. Is winter hotter than summer?
27,winter is hotter than summer. Is summer colder than winter?
27,winter is hotter than summer. Is summer hotter than winter?
27,winter is hotter than summer. Is winter colder than summer?
27,winter is hotter than summer. Is winter hotter than summer?
29,lakes are bigger than oceans. Are lakes bigger than oceans?
29,lakes are bigger than oceans. Are lakes smaller than oceans?
29,lakes are bigger than oceans. Are oceans bigger than lakes?
29,lakes are bigger than oceans. Are oceans smaller than lakes?
29,lakes are smaller than oceans. Are lakes bigger than oceans?
29,lakes are smaller than oceans. Are lakes smaller than oceans?
29,lakes are smaller than oceans. Are oceans bigger than lakes?
29,lakes are smaller than oceans. Are oceans smaller than lakes?
29,oceans are bigger than lakes. Are lakes bigger than oceans?
29,oceans are bigger than lakes. Are lakes smaller than oceans?
29,oceans are bigger than lakes. Are oceans bigger than lakes?
29,oceans are bigger than lakes. Are oceans smaller than lakes?
29,oceans are smaller than lakes. Are lakes bigger than oceans?
29,oceans are smaller than lakes. Are lakes smaller than oceans?
29,oceans are smaller than lakes. Are oceans bigger than lakes?
29,oceans are smaller than lakes. Are oceans smaller than lakes?
31,darkness is brighter than light. Is darkness brighter than light?
31,darkness is brighter than light. Is darkness darker than light?
31,darkness is brighter than light. Is light brighter than darkness?
31,darkness is brighter than light. Is light darker than darkness?
31,darkness is darker than light. Is darkness brighter than light?
31,darkness is darker than light. Is darkness darker than light?
31,darkness is darker than light. Is light brighter than darkness?
31,darkness is darker than light. Is light darker than darkness?
31,light is brighter than darkness. Is darkness brighter than light?
31,light is brighter than darkness. Is darkness darker than light?
31,light is brighter than darkness. Is light brighter than darkness?
31,light is brighter than darkness. Is light darker than darkness?
31,light is darker than darkness. Is darkness brighter than light?
31,light is darker than darkness. Is darkness darker than light?
31,light is darker than darkness. Is light brighter than darkness?
31,light is darker than darkness. Is light darker than darkness?
33,Japan is bigger than America. Is Japan bigger than America?
33,Japan is bigger than America. Is Japan smaller than America?
33,Japan is bigger than America. Is America bigger than Japan?
33,Japan is bigger than America. Is America smaller than Japan?
33,Japan is smaller than America. Is Japan bigger than America?
33,Japan is smaller than America. Is Japan smaller than America?
33,Japan is smaller than America. Is America bigger than Japan?
33,Japan is smaller than America. Is America smaller than Japan?
33,America is bigger than Japan. Is Japan bigger than America?
33,America is bigger than Japan. Is Japan smaller than America?
33,America is bigger than Japan. Is America bigger than Japan?
33,America is bigger than Japan. Is America smaller than Japan?
33,America is smaller than Japan. Is Japan bigger than America?
33,America is smaller than Japan. Is Japan smaller than America?
33,America is smaller than Japan. Is America bigger than Japan?
33,America is smaller than Japan. Is America smaller than Japan?
35,ants are prettier than butterflies. Are ants prettier than butterflies?
35,ants are prettier than butterflies. Are ants uglier than butterflies?
35,ants are prettier than butterflies. Are butterflies prettier than ants?
35,ants are prettier than butterflies. Are butterflies uglier than ants?
35,ants are uglier than butterflies. Are ants prettier than butterflies?
35,ants are uglier than butterflies. Are ants uglier than butterflies?
35,ants are uglier than butterflies. Are butterflies prettier than ants?
35,ants are uglier than butterflies. Are butterflies uglier than ants?
35,butterflies are prettier than ants. Are ants prettier than butterflies?
35,butterflies are prettier than ants. Are ants uglier than butterflies?
35,butterflies are prettier than ants. Are butterflies prettier than ants?
35,butterflies are prettier than ants. Are butterflies uglier than ants?
35,butterflies are uglier than ants. Are ants prettier than butterflies?
35,butterflies are uglier than ants. Are ants uglier than butterflies?
35,butterflies are uglier than ants. Are butterflies prettier than ants?
35,butterflies are uglier than ants. Are butterflies uglier than ants?
37,rain is colder than snow. Is rain colder than snow?
37,rain is colder than snow. Is rain hotter than snow?
37,rain is colder than snow. Is snow colder than rain?
37,rain is colder than snow. Is snow hotter than rain?
37,rain is hotter than snow. Is rain colder than snow?
37,rain is hotter than snow. Is rain hotter than snow?
37,rain is hotter than snow. Is snow colder than rain?
37,rain is hotter than snow. Is snow hotter than rain?
37,snow is colder than rain. Is rain colder than snow?
37,snow is colder than rain. Is rain hotter than snow?
37,snow is colder than rain. Is snow colder than rain?
37,snow is colder than rain. Is snow hotter than rain?
37,snow is hotter than rain. Is rain colder than snow?
37,snow is hotter than rain. Is rain hotter than snow?
37,snow is hotter than rain. Is snow colder than rain?
37,snow is hotter than rain. Is snow hotter than rain?
39,shrubs are taller than trees. Are shrubs taller than trees?
39,shrubs are taller than trees. Are shrubs shorter than trees?
39,shrubs are taller than trees. Are trees taller than shrubs?
39,shrubs are taller than trees. Are trees shorter than shrubs?
39,shrubs are shorter than trees. Are shrubs taller than trees?
39,shrubs are shorter than trees. Are shrubs shorter than trees?
39,shrubs are shorter than trees. Are trees taller than shrubs?
39,shrubs are shorter than trees. Are trees shorter than shrubs?
39,trees are taller than shrubs. Are shrubs taller than trees?
39,trees are taller than shrubs. Are shrubs shorter than trees?
39,trees are taller than shrubs. Are trees taller than shrubs?
39,trees are taller than shrubs. Are trees shorter than shrubs?
39,trees are shorter than shrubs. Are shrubs taller than trees?
39,trees are shorter than shrubs. Are shrubs shorter than trees?
39,trees are shorter than shrubs. Are trees taller than shrubs?
39,trees are shorter than shrubs. Are trees shorter than shrubs?
41,water is colder than ice. Is water colder than ice?
41,water is colder than ice. Is water hotter than ice?
41,water is colder than ice. Is ice colder than water?
41,water is colder than ice. Is ice hotter than water?
41,water is hotter than ice. Is water colder than ice?
41,water is hotter than ice. Is water hotter than ice?
41,water is hotter than ice. Is ice colder than water?
41,water is hotter than ice. Is ice hotter than water?
41,ice is colder than water. Is water colder than ice?
41,ice is colder than water. Is water hotter than ice?
41,ice is colder than water. Is ice colder than water?
41,ice is colder than water. Is ice hotter than water?
41,ice is hotter than water. Is water colder than ice?
41,ice is hotter than water. Is water hotter than ice?
41,ice is hotter than water. Is ice colder than water?
41,ice is hotter than water. Is ice hotter than water?
43,hills are higher than mountains. Are hills higher than mountains?
43,hills are higher than mountains. Are hills shorter than mountains?
43,hills are higher than mountains. Are mountains higher than hills?
43,hills are higher than mountains. Are mountains shorter than hills?
43,hills are shorter than mountains. Are hills higher than mountains?
43,hills are shorter than mountains. Are hills shorter than mountains?
43,hills are shorter than mountains. Are mountains higher than hills?
43,hills are shorter than mountains. Are mountains shorter than hills?
43,mountains are higher than hills. Are hills higher than mountains?
43,mountains are higher than hills. Are hills shorter than mountains?
43,mountains are higher than hills. Are mountains higher than hills?
43,mountains are higher than hills. Are mountains shorter than hills?
43,mountains are shorter than hills. Are hills higher than mountains?
43,mountains are shorter than hills. Are hills shorter than mountains?
43,mountains are shorter than hills. Are mountains higher than hills?
43,mountains are shorter than hills. Are mountains shorter than hills?
45,children are bigger than adults. Are children bigger than adults?
45,children are bigger than adults. Are children smaller than adults?
45,children are bigger than adults. Are adults bigger than children?
45,children are bigger than adults. Are adults smaller than children?
45,children are smaller than adults. Are children bigger than adults?
45,children are smaller than adults. Are children smaller than adults?
45,children are smaller than adults. Are adults bigger than children?
45,children are smaller than adults. Are adults smaller than children?
45,adults are bigger than children. Are children bigger than adults?
45,adults are bigger than children. Are children smaller than adults?
45,adults are bigger than children. Are adults bigger than children?
45,adults are bigger than children. Are adults smaller than children?
45,adults are smaller than children. Are children bigger than adults?
45,adults are smaller than children. Are children smaller than adults?
45,adults are smaller than children. Are adults bigger than children?
45,adults are smaller than children. Are adults smaller than children?
47,snakes are less scary than lizards. Are snakes less scary than lizards?
47,snakes are less scary than lizards. Are snakes less scary than lizards?
47,snakes are less scary than lizards. Are lizards less scary than snakes?
47,snakes are less scary than lizards. Are lizards less scary than snakes?
47,snakes are less scary than lizards. Are snakes less scary than lizards?
47,snakes are less scary than lizards. Are snakes less scary than lizards?
47,snakes are less scary than lizards. Are lizards less scary than snakes?
47,snakes are less scary than lizards. Are lizards less scary than snakes?
47,lizards are less scary than snakes. Are snakes less scary than lizards?
47,lizards are less scary than snakes. Are snakes less scary than lizards?
47,lizards are less scary than snakes. Are lizards less scary than snakes?
47,lizards are less scary than snakes. Are lizards less scary than snakes?
47,lizards are less scary than snakes. Are snakes less scary than lizards?
47,lizards are less scary than snakes. Are snakes less scary than lizards?
47,lizards are less scary than snakes. Are lizards less scary than snakes?
47,lizards are less scary than snakes. Are lizards less scary than snakes?
49,turtles are faster than wolves. Are turtles faster than wolves?
49,turtles are faster than wolves. Are turtles slower than wolves?
49,turtles are faster than wolves. Are wolves faster than turtles?
49,turtles are faster than wolves. Are wolves slower than turtles?
49,turtles are slower than wolves. Are turtles faster than wolves?
49,turtles are slower than wolves. Are turtles slower than wolves?
49,turtles are slower than wolves. Are wolves faster than turtles?
49,turtles are slower than wolves. Are wolves slower than turtles?
49,wolves are faster than turtles. Are turtles faster than wolves?
49,wolves are faster than turtles. Are turtles slower than wolves?
49,wolves are faster than turtles. Are wolves faster than turtles?
49,wolves are faster than turtles. Are wolves slower than turtles?
49,wolves are slower than turtles. Are turtles faster than wolves?
49,wolves are slower than turtles. Are turtles slower than wolves?
49,wolves are slower than turtles. Are wolves faster than turtles?
49,wolves are slower than turtles. Are wolves slower than turtles?
51,winter is hotter than summer. Is winter hotter than summer?
51,winter is hotter than summer. Is winter colder than summer?
51,winter is hotter than summer. Is summer hotter than winter?
51,winter is hotter than summer. Is summer colder than winter?
51,winter is colder than summer. Is winter hotter than summer?
51,winter is colder than summer. Is winter colder than summer?
51,winter is colder than summer. Is summer hotter than winter?
51,winter is colder than summer. Is summer colder than winter?
51,summer is hotter than winter. Is winter hotter than summer?
51,summer is hotter than winter. Is winter colder than summer?
51,summer is hotter than winter. Is summer hotter than winter?
51,summer is hotter than winter. Is summer colder than winter?
51,summer is colder than winter. Is winter hotter than summer?
51,summer is colder than winter. Is winter colder than summer?
51,summer is colder than winter. Is summer hotter than winter?
51,summer is colder than winter. Is summer colder than winter?
53,leaves are heavier than books. Are leaves heavier than books?
53,leaves are heavier than books. Are leaves lighter than books?
53,leaves are heavier than books. Are books heavier than leaves?
53,leaves are heavier than books. Are books lighter than leaves?
53,leaves are lighter than books. Are leaves heavier than books?
53,leaves are lighter than books. Are leaves lighter than books?
53,leaves are lighter than books. Are books heavier than leaves?
53,leaves are lighter than books. Are books lighter than leaves?
53,books are heavier than leaves. Are leaves heavier than books?
53,books are heavier than leaves. Are leaves lighter than books?
53,books are heavier than leaves. Are books heavier than leaves?
53,books are heavier than leaves. Are books lighter than leaves?
53,books are lighter than leaves. Are leaves heavier than books?
53,books are lighter than leaves. Are leaves lighter than books?
53,books are lighter than leaves. Are books heavier than leaves?
53,books are lighter than leaves. Are books lighter than leaves?
55,broccoli is sweeter than candy. Is broccoli sweeter than candy?
55,broccoli is sweeter than candy. Is broccoli less sweet than candy?
55,broccoli is sweeter than candy. Is candy sweeter than broccoli?
55,broccoli is sweeter than candy. Is candy less sweet than broccoli?
55,broccoli is less sweet than candy. Is broccoli sweeter than candy?
55,broccoli is less sweet than candy. Is broccoli less sweet than candy?
55,broccoli is less sweet than candy. Is candy sweeter than broccoli?
55,broccoli is less sweet than candy. Is candy less sweet than broccoli?
55,candy is sweeter than broccoli. Is broccoli sweeter than candy?
55,candy is sweeter than broccoli. Is broccoli less sweet than candy?
55,candy is sweeter than broccoli. Is candy sweeter than broccoli?
55,candy is sweeter than broccoli. Is candy less sweet than broccoli?
55,candy is less sweet than broccoli. Is broccoli sweeter than candy?
55,candy is less sweet than broccoli. Is broccoli less sweet than candy?
55,candy is less sweet than broccoli. Is candy sweeter than broccoli?
55,candy is less sweet than broccoli. Is candy less sweet than broccoli?
57,trees are taller than skyscrapers. Are trees taller than skyscrapers?
57,trees are taller than skyscrapers. Are trees shorter than skyscrapers?
57,trees are taller than skyscrapers. Are skyscrapers taller than trees?
57,trees are taller than skyscrapers. Are skyscrapers shorter than trees?
57,trees are shorter than skyscrapers. Are trees taller than skyscrapers?
57,trees are shorter than skyscrapers. Are trees shorter than skyscrapers?
57,trees are shorter than skyscrapers. Are skyscrapers taller than trees?
57,trees are shorter than skyscrapers. Are skyscrapers shorter than trees?
57,skyscrapers are taller than trees. Are trees taller than skyscrapers?
57,skyscrapers are taller than trees. Are trees shorter than skyscrapers?
57,skyscrapers are taller than trees. Are skyscrapers taller than trees?
57,skyscrapers are taller than trees. Are skyscrapers shorter than trees?
57,skyscrapers are shorter than trees. Are trees taller than skyscrapers?
57,skyscrapers are shorter than trees. Are trees shorter than skyscrapers?
57,skyscrapers are shorter than trees. Are skyscrapers taller than trees?
57,skyscrapers are shorter than trees. Are skyscrapers shorter than trees?
59,dry is more wet than water. Is dry more wet than water?
59,dry is more wet than water. Is dry less wet than water?
59,dry is more wet than water. Is water more wet than dry?
59,dry is more wet than water. Is water less wet than dry?
59,dry is less wet than water. Is dry more wet than water?
59,dry is less wet than water. Is dry less wet than water?
59,dry is less wet than water. Is water more wet than dry?
59,dry is less wet than water. Is water less wet than dry?
59,water is more wet than dry. Is dry more wet than water?
59,water is more wet than dry. Is dry less wet than water?
59,water is more wet than dry. Is water more wet than dry?
59,water is more wet than dry. Is water less wet than dry?
59,water is less wet than dry. Is dry more wet than water?
59,water is less wet than dry. Is dry less wet than water?
59,water is less wet than dry. Is water more wet than dry?
59,water is less wet than dry. Is water less wet than dry?
61,ice is more hot than fire. Is ice more hot than fire?
61,ice is more hot than fire. Is ice less hot than fire?
61,ice is more hot than fire. Is fire more hot than ice?
61,ice is more hot than fire. Is fire less hot than ice?
61,ice is less hot than fire. Is ice more hot than fire?
61,ice is less hot than fire. Is ice less hot than fire?
61,ice is less hot than fire. Is fire more hot than ice?
61,ice is less hot than fire. Is fire less hot than ice?
61,fire is more hot than ice. Is ice more hot than fire?
61,fire is more hot than ice. Is ice less hot than fire?
61,fire is more hot than ice. Is fire more hot than ice?
61,fire is more hot than ice. Is fire less hot than ice?
61,fire is less hot than ice. Is ice more hot than fire?
61,fire is less hot than ice. Is ice less hot than fire?
61,fire is less hot than ice. Is fire more hot than ice?
61,fire is less hot than ice. Is fire less hot than ice?
63,paper is harder than wood. Is paper harder than wood?
63,paper is harder than wood. Is paper softer than wood?
63,paper is harder than wood. Is wood harder than paper?
63,paper is harder than wood. Is wood softer than paper?
63,paper is softer than wood. Is paper harder than wood?
63,paper is softer than wood. Is paper softer than wood?
63,paper is softer than wood. Is wood harder than paper?
63,paper is softer than wood. Is wood softer than paper?
63,wood is harder than paper. Is paper harder than wood?
63,wood is harder than paper. Is paper softer than wood?
63,wood is harder than paper. Is wood harder than paper?
63,wood is harder than paper. Is wood softer than paper?
63,wood is softer than paper. Is paper harder than wood?
63,wood is softer than paper. Is paper softer than wood?
63,wood is softer than paper. Is wood harder than paper?
63,wood is softer than paper. Is wood softer than paper?
65,daisies are more beautiful than roses. Are daisies more beautiful than roses?
65,daisies are more beautiful than roses. Are daisies less beautiful than roses?
65,daisies are more beautiful than roses. Are roses more beautiful than daisies?
65,daisies are more beautiful than roses. Are roses less beautiful than daisies?
65,daisies are less beautiful than roses. Are daisies more beautiful than roses?
65,daisies are less beautiful than roses. Are daisies less beautiful than roses?
65,daisies are less beautiful than roses. Are roses more beautiful than daisies?
65,daisies are less beautiful than roses. Are roses less beautiful than daisies?
65,roses are more beautiful than daisies. Are daisies more beautiful than roses?
65,roses are more beautiful than daisies. Are daisies less beautiful than roses?
65,roses are more beautiful than daisies. Are roses more beautiful than daisies?
65,roses are more beautiful than daisies. Are roses less beautiful than daisies?
65,roses are less beautiful than daisies. Are daisies more beautiful than roses?
65,roses are less beautiful than daisies. Are daisies less beautiful than roses?
65,roses are less beautiful than daisies. Are roses more beautiful than daisies?
65,roses are less beautiful than daisies. Are roses less beautiful than daisies?
67,snakes are slimier than lizards. Are snakes slimier than lizards?
67,snakes are slimier than lizards. Are snakes drier than lizards?
67,snakes are slimier than lizards. Are lizards slimier than snakes?
67,snakes are slimier than lizards. Are lizards drier than snakes?
67,snakes are drier than lizards. Are snakes slimier than lizards?
67,snakes are drier than lizards. Are snakes drier than lizards?
67,snakes are drier than lizards. Are lizards slimier than snakes?
67,snakes are drier than lizards. Are lizards drier than snakes?
67,lizards are slimier than snakes. Are snakes slimier than lizards?
67,lizards are slimier than snakes. Are snakes drier than lizards?
67,lizards are slimier than snakes. Are lizards slimier than snakes?
67,lizards are slimier than snakes. Are lizards drier than snakes?
67,lizards are drier than snakes. Are snakes slimier than lizards?
67,lizards are drier than snakes. Are snakes drier than lizards?
67,lizards are drier than snakes. Are lizards slimier than snakes?
67,lizards are drier than snakes. Are lizards drier than snakes?
69,rain is louder than thunder. Is rain louder than thunder?
69,rain is louder than thunder. Is rain quieter than thunder?
69,rain is louder than thunder. Is thunder louder than rain?
69,rain is louder than thunder. Is thunder quieter than rain?
69,rain is quieter than thunder. Is rain louder than thunder?
69,rain is quieter than thunder. Is rain quieter than thunder?
69,rain is quieter than thunder. Is thunder louder than rain?
69,rain is quieter than thunder. Is thunder quieter than rain?
69,thunder is louder than rain. Is rain louder than thunder?
69,thunder is louder than rain. Is rain quieter than thunder?
69,thunder is louder than rain. Is thunder louder than rain?
69,thunder is louder than rain. Is thunder quieter than rain?
69,thunder is quieter than rain. Is rain louder than thunder?
69,thunder is quieter than rain. Is rain quieter than thunder?
69,thunder is quieter than rain. Is thunder louder than rain?
69,thunder is quieter than rain. Is thunder quieter than rain?
71,librarians are funnier than clowns. Are librarians funnier than clowns?
71,librarians are funnier than clowns. Are librarians less funny than clowns?
71,librarians are funnier than clowns. Are clowns funnier than librarians?
71,librarians are funnier than clowns. Are clowns less funny than librarians?
71,librarians are less funny than clowns. Are librarians funnier than clowns?
71,librarians are less funny than clowns. Are librarians less funny than clowns?
71,librarians are less funny than clowns. Are clowns funnier than librarians?
71,librarians are less funny than clowns. Are clowns less funny than librarians?
71,clowns are funnier than librarians. Are librarians funnier than clowns?
71,clowns are funnier than librarians. Are librarians less funny than clowns?
71,clowns are funnier than librarians. Are clowns funnier than librarians?
71,clowns are funnier than librarians. Are clowns less funny than librarians?
71,clowns are less funny than librarians. Are librarians funnier than clowns?
71,clowns are less funny than librarians. Are librarians less funny than clowns?
71,clowns are less funny than librarians. Are clowns funnier than librarians?
71,clowns are less funny than librarians. Are clowns less funny than librarians?
73,dogs are slower than hens. Are dogs slower than hens?
73,dogs are slower than hens. Are dogs faster than hens?
73,dogs are slower than hens. Are hens slower than dogs?
73,dogs are slower than hens. Are hens faster than dogs?
73,dogs are faster than hens. Are dogs slower than hens?
73,dogs are faster than hens. Are dogs faster than hens?
73,dogs are faster than hens. Are hens slower than dogs?
73,dogs are faster than hens. Are hens faster than dogs?
73,hens are slower than dogs. Are dogs slower than hens?
73,hens are slower than dogs. Are dogs faster than hens?
73,hens are slower than dogs. Are hens slower than dogs?
73,hens are slower than dogs. Are hens faster than dogs?
73,hens are faster than dogs. Are dogs slower than hens?
73,hens are faster than dogs. Are dogs faster than hens?
73,hens are faster than dogs. Are hens slower than dogs?
73,hens are faster than dogs. Are hens faster than dogs?
75,cars are cuter than dogs. Are cars cuter than dogs?
75,cars are cuter than dogs. Are cars less cute than dogs?
75,cars are cuter than dogs. Are dogs cuter than cars?
75,cars are cuter than dogs. Are dogs less cute than cars?
75,cars are less cute than dogs. Are cars cuter than dogs?
75,cars are less cute than dogs. Are cars less cute than dogs?
75,cars are less cute than dogs. Are dogs cuter than cars?
75,cars are less cute than dogs. Are dogs less cute than cars?
75,dogs are cuter than cars. Are cars cuter than dogs?
75,dogs are cuter than cars. Are cars less cute than dogs?
75,dogs are cuter than cars. Are dogs cuter than cars?
75,dogs are cuter than cars. Are dogs less cute than cars?
75,dogs are less cute than cars. Are cars cuter than dogs?
75,dogs are less cute than cars. Are cars less cute than dogs?
75,dogs are less cute than cars. Are dogs cuter than cars?
75,dogs are less cute than cars. Are dogs less cute than cars?
77,snow are fluffier than clouds. Is snow fluffier than clouds?
77,snow are fluffier than clouds. Is snow less fluffy than clouds?
77,snow are fluffier than clouds. Are clouds fluffier than snow?
77,snow are fluffier than clouds. Are clouds less fluffy than snow?
77,snow are less fluffy than clouds. Is snow fluffier than clouds?
77,snow are less fluffy than clouds. Is snow less fluffy than clouds?
77,snow are less fluffy than clouds. Are clouds fluffier than snow?
77,snow are less fluffy than clouds. Are clouds less fluffy than snow?
77,clouds are fluffier than snow. Is snow fluffier than clouds?
77,clouds are fluffier than snow. Is snow less fluffy than clouds?
77,clouds are fluffier than snow. Are clouds fluffier than snow?
77,clouds are fluffier than snow. Are clouds less fluffy than snow?
77,clouds are less fluffy than snow. Is snow fluffier than clouds?
77,clouds are less fluffy than snow. Is snow less fluffy than clouds?
77,clouds are less fluffy than snow. Are clouds fluffier than snow?
77,clouds are less fluffy than snow. Are clouds less fluffy than snow?
79,roses are more hairy than spiders. Are roses more hairy than spiders?
79,roses are more hairy than spiders. Are roses less hairy than spiders?
79,roses are more hairy than spiders. Are spiders more hairy than roses?
79,roses are more hairy than spiders. Are spiders less hairy than roses?
79,roses are less hairy than spiders. Are roses more hairy than spiders?
79,roses are less hairy than spiders. Are roses less hairy than spiders?
79,roses are less hairy than spiders. Are spiders more hairy than roses?
79,roses are less hairy than spiders. Are spiders less hairy than roses?
79,spiders are more hairy than roses. Are roses more hairy than spiders?
79,spiders are more hairy than roses. Are roses less hairy than spiders?
79,spiders are more hairy than roses. Are spiders more hairy than roses?
79,spiders are more hairy than roses. Are spiders less hairy than roses?
79,spiders are less hairy than roses. Are roses more hairy than spiders?
79,spiders are less hairy than roses. Are roses less hairy than spiders?
79,spiders are less hairy than roses. Are spiders more hairy than roses?
79,spiders are less hairy than roses. Are spiders less hairy than roses?
81,roses are bigger than apples. Are roses bigger than apples?
81,roses are bigger than apples. Are roses smaller than apples?
81,roses are bigger than apples. Are apples bigger than roses?
81,roses are bigger than apples. Are apples smaller than roses?
81,roses are smaller than apples. Are roses bigger than apples?
81,roses are smaller than apples. Are roses smaller than apples?
81,roses are smaller than apples. Are apples bigger than roses?
81,roses are smaller than apples. Are apples smaller than roses?
81,apples are bigger than roses. Are roses bigger than apples?
81,apples are bigger than roses. Are roses smaller than apples?
81,apples are bigger than roses. Are apples bigger than roses?
81,apples are bigger than roses. Are apples smaller than roses?
81,apples are smaller than roses. Are roses bigger than apples?
81,apples are smaller than roses. Are roses smaller than apples?
81,apples are smaller than roses. Are apples bigger than roses?
81,apples are smaller than roses. Are apples smaller than roses?
83,dogs are smaller than cats. Are dogs smaller than cats?
83,dogs are smaller than cats. Are dogs bigger than cats?
83,dogs are smaller than cats. Are cats smaller than dogs?
83,dogs are smaller than cats. Are cats bigger than dogs?
83,dogs are bigger than cats. Are dogs smaller than cats?
83,dogs are bigger than cats. Are dogs bigger than cats?
83,dogs are bigger than cats. Are cats smaller than dogs?
83,dogs are bigger than cats. Are cats bigger than dogs?
83,cats are smaller than dogs. Are dogs smaller than cats?
83,cats are smaller than dogs. Are dogs bigger than cats?
83,cats are smaller than dogs. Are cats smaller than dogs?
83,cats are smaller than dogs. Are cats bigger than dogs?
83,cats are bigger than dogs. Are dogs smaller than cats?
83,cats are bigger than dogs. Are dogs bigger than cats?
83,cats are bigger than dogs. Are cats smaller than dogs?
83,cats are bigger than dogs. Are cats bigger than dogs?
85,squares are rounder than balls. Are squares rounder than balls?
85,squares are rounder than balls. Are squares less round than balls?
85,squares are rounder than balls. Are balls rounder than squares?
85,squares are rounder than balls. Are balls less round than squares?
85,squares are less round than balls. Are squares rounder than balls?
85,squares are less round than balls. Are squares less round than balls?
85,squares are less round than balls. Are balls rounder than squares?
85,squares are less round than balls. Are balls less round than squares?
85,balls are rounder than squares. Are squares rounder than balls?
85,balls are rounder than squares. Are squares less round than balls?
85,balls are rounder than squares. Are balls rounder than squares?
85,balls are rounder than squares. Are balls less round than squares?
85,balls are less round than squares. Are squares rounder than balls?
85,balls are less round than squares. Are squares less round than balls?
85,balls are less round than squares. Are balls rounder than squares?
85,balls are less round than squares. Are balls less round than squares?
87,oranges are more sweet than grapes. Are oranges more sweet than grapes?
87,oranges are more sweet than grapes. Are oranges less sweet than grapes?
87,oranges are more sweet than grapes. Are grapes more sweet than oranges?
87,oranges are more sweet than grapes. Are grapes less sweet than oranges?
87,oranges are less sweet than grapes. Are oranges more sweet than grapes?
87,oranges are less sweet than grapes. Are oranges less sweet than grapes?
87,oranges are less sweet than grapes. Are grapes more sweet than oranges?
87,oranges are less sweet than grapes. Are grapes less sweet than oranges?
87,grapes are more sweet than oranges. Are oranges more sweet than grapes?
87,grapes are more sweet than oranges. Are oranges less sweet than grapes?
87,grapes are more sweet than oranges. Are grapes more sweet than oranges?
87,grapes are more sweet than oranges. Are grapes less sweet than oranges?
87,grapes are less sweet than oranges. Are oranges more sweet than grapes?
87,grapes are less sweet than oranges. Are oranges less sweet than grapes?
87,grapes are less sweet than oranges. Are grapes more sweet than oranges?
87,grapes are less sweet than oranges. Are grapes less sweet than oranges?
89,shoes are taller than chairs. Are shoes taller than chairs?
89,shoes are taller than chairs. Are shoes shorter than chairs?
89,shoes are taller than chairs. Are chairs taller than shoes?
89,shoes are taller than chairs. Are chairs shorter than shoes?
89,shoes are shorter than chairs. Are shoes taller than chairs?
89,shoes are shorter than chairs. Are shoes shorter than chairs?
89,shoes are shorter than chairs. Are chairs taller than shoes?
89,shoes are shorter than chairs. Are chairs shorter than shoes?
89,chairs are taller than shoes. Are shoes taller than chairs?
89,chairs are taller than shoes. Are shoes shorter than chairs?
89,chairs are taller than shoes. Are chairs taller than shoes?
89,chairs are taller than shoes. Are chairs shorter than shoes?
89,chairs are shorter than shoes. Are shoes taller than chairs?
89,chairs are shorter than shoes. Are shoes shorter than chairs?
89,chairs are shorter than shoes. Are chairs taller than shoes?
89,chairs are shorter than shoes. Are chairs shorter than shoes?
91,walking is faster than running. Is walking faster than running?
91,walking is faster than running. Is walking slower than running?
91,walking is faster than running. Is running faster than walking?
91,walking is faster than running. Is running slower than walking?
91,walking is slower than running. Is walking faster than running?
91,walking is slower than running. Is walking slower than running?
91,walking is slower than running. Is running faster than walking?
91,walking is slower than running. Is running slower than walking?
91,running is faster than walking. Is walking faster than running?
91,running is faster than walking. Is walking slower than running?
91,running is faster than walking. Is running faster than walking?
91,running is faster than walking. Is running slower than walking?
91,running is slower than walking. Is walking faster than running?
91,running is slower than walking. Is walking slower than running?
91,running is slower than walking. Is running faster than walking?
91,running is slower than walking. Is running slower than walking?
93,walking is more fun than running. Is walking more fun than running?
93,walking is more fun than running. Is walking less fun than running?
93,walking is more fun than running. Is running more fun than walking?
93,walking is more fun than running. Is running less fun than walking?
93,walking is less fun than running. Is walking more fun than running?
93,walking is less fun than running. Is walking less fun than running?
93,walking is less fun than running. Is running more fun than walking?
93,walking is less fun than running. Is running less fun than walking?
93,running is more fun than walking. Is walking more fun than running?
93,running is more fun than walking. Is walking less fun than running?
93,running is more fun than walking. Is running more fun than walking?
93,running is more fun than walking. Is running less fun than walking?
93,running is less fun than walking. Is walking more fun than running?
93,running is less fun than walking. Is walking less fun than running?
93,running is less fun than walking. Is running more fun than walking?
93,running is less fun than walking. Is running less fun than walking?
95,cats can jump jump farther than frogs. Do cats can jump jump farther than frogs?
95,cats can jump jump farther than frogs. Do cats can jump jump less far than frogs?
95,cats can jump jump farther than frogs. Do frogs can jump jump farther than cats?
95,cats can jump jump farther than frogs. Do frogs can jump jump less far than cats?
95,cats can jump jump less far than frogs. Do cats can jump jump farther than frogs?
95,cats can jump jump less far than frogs. Do cats can jump jump less far than frogs?
95,cats can jump jump less far than frogs. Do frogs can jump jump farther than cats?
95,cats can jump jump less far than frogs. Do frogs can jump jump less far than cats?
95,frogs can jump jump farther than cats. Do cats can jump jump farther than frogs?
95,frogs can jump jump farther than cats. Do cats can jump jump less far than frogs?
95,frogs can jump jump farther than cats. Do frogs can jump jump farther than cats?
95,frogs can jump jump farther than cats. Do frogs can jump jump less far than cats?
95,frogs can jump jump less far than cats. Do cats can jump jump farther than frogs?
95,frogs can jump jump less far than cats. Do cats can jump jump less far than frogs?
95,frogs can jump jump less far than cats. Do frogs can jump jump farther than cats?
95,frogs can jump jump less far than cats. Do frogs can jump jump less far than cats?
97,humans fly fly faster than birds. Do humans fly fly faster than birds?
97,humans fly fly faster than birds. Do humans fly fly slower than birds?
97,humans fly fly faster than birds. Do birds fly fly faster than humans?
97,humans fly fly faster than birds. Do birds fly fly slower than humans?
97,humans fly fly slower than birds. Do humans fly fly faster than birds?
97,humans fly fly slower than birds. Do humans fly fly slower than birds?
97,humans fly fly slower than birds. Do birds fly fly faster than humans?
97,humans fly fly slower than birds. Do birds fly fly slower than humans?
97,birds fly fly faster than humans. Do humans fly fly faster than birds?
97,birds fly fly faster than humans. Do humans fly fly slower than birds?
97,birds fly fly faster than humans. Do birds fly fly faster than humans?
97,birds fly fly faster than humans. Do birds fly fly slower than humans?
97,birds fly fly slower than humans. Do humans fly fly faster than birds?
97,birds fly fly slower than humans. Do humans fly fly slower than birds?
97,birds fly fly slower than humans. Do birds fly fly faster than humans?
97,birds fly fly slower than humans. Do birds fly fly slower than humans?
99,bears are smaller than spiders. Are bears smaller than spiders?
99,bears are smaller than spiders. Are bears bigger than spiders?
99,bears are smaller than spiders. Are spiders smaller than bears?
99,bears are smaller than spiders. Are spiders bigger than bears?
99,bears are bigger than spiders. Are bears smaller than spiders?
99,bears are bigger than spiders. Are bears bigger than spiders?
99,bears are bigger than spiders. Are spiders smaller than bears?
99,bears are bigger than spiders. Are spiders bigger than bears?
99,spiders are smaller than bears. Are bears smaller than spiders?
99,spiders are smaller than bears. Are bears bigger than spiders?
99,spiders are smaller than bears. Are spiders smaller than bears?
99,spiders are smaller than bears. Are spiders bigger than bears?
99,spiders are bigger than bears. Are bears smaller than spiders?
99,spiders are bigger than bears. Are bears bigger than spiders?
99,spiders are bigger than bears. Are spiders smaller than bears?
99,spiders are bigger than bears. Are spiders bigger than bears?
101,goats have longer necks than giraffes. Do goats have longer necks than giraffes?
101,goats have longer necks than giraffes. Do goats have shorter necks than giraffes?
101,goats have longer necks than giraffes. Do giraffes have longer necks than goats?
101,goats have longer necks than giraffes. Do giraffes have shorter necks than goats?
101,goats have shorter necks than giraffes. Do goats have longer necks than giraffes?
101,goats have shorter necks than giraffes. Do goats have shorter necks than giraffes?
101,goats have shorter necks than giraffes. Do giraffes have longer necks than goats?
101,goats have shorter necks than giraffes. Do giraffes have shorter necks than goats?
101,giraffes have longer necks than goats. Do goats have longer necks than giraffes?
101,giraffes have longer necks than goats. Do goats have shorter necks than giraffes?
101,giraffes have longer necks than goats. Do giraffes have longer necks than goats?
101,giraffes have longer necks than goats. Do giraffes have shorter necks than goats?
101,giraffes have shorter necks than goats. Do goats have longer necks than giraffes?
101,giraffes have shorter necks than goats. Do goats have shorter necks than giraffes?
101,giraffes have shorter necks than goats. Do giraffes have longer necks than goats?
101,giraffes have shorter necks than goats. Do giraffes have shorter necks than goats?
103,worms are more scary than sharks. Are worms more scary than sharks?
103,worms are more scary than sharks. Are worms less scary than sharks?
103,worms are more scary than sharks. Are sharks more scary than worms?
103,worms are more scary than sharks. Are sharks less scary than worms?
103,worms are less scary than sharks. Are worms more scary than sharks?
103,worms are less scary than sharks. Are worms less scary than sharks?
103,worms are less scary than sharks. Are sharks more scary than worms?
103,worms are less scary than sharks. Are sharks less scary than worms?
103,sharks are more scary than worms. Are worms more scary than sharks?
103,sharks are more scary than worms. Are worms less scary than sharks?
103,sharks are more scary than worms. Are sharks more scary than worms?
103,sharks are more scary than worms. Are sharks less scary than worms?
103,sharks are less scary than worms. Are worms more scary than sharks?
103,sharks are less scary than worms. Are worms less scary than sharks?
103,sharks are less scary than worms. Are sharks more scary than worms?
103,sharks are less scary than worms. Are sharks less scary than worms?
105,shrubs are bigger than trees. Are shrubs bigger than trees?
105,shrubs are bigger than trees. Are shrubs smaller than trees?
105,shrubs are bigger than trees. Are trees bigger than shrubs?
105,shrubs are bigger than trees. Are trees smaller than shrubs?
105,shrubs are smaller than trees. Are shrubs bigger than trees?
105,shrubs are smaller than trees. Are shrubs smaller than trees?
105,shrubs are smaller than trees. Are trees bigger than shrubs?
105,shrubs are smaller than trees. Are trees smaller than shrubs?
105,trees are bigger than shrubs. Are shrubs bigger than trees?
105,trees are bigger than shrubs. Are shrubs smaller than trees?
105,trees are bigger than shrubs. Are trees bigger than shrubs?
105,trees are bigger than shrubs. Are trees smaller than shrubs?
105,trees are smaller than shrubs. Are shrubs bigger than trees?
105,trees are smaller than shrubs. Are shrubs smaller than trees?
105,trees are smaller than shrubs. Are trees bigger than shrubs?
105,trees are smaller than shrubs. Are trees smaller than shrubs?
107,airplanes are faster than rockets. Are airplanes faster than rockets?
107,airplanes are faster than rockets. Are airplanes slower than rockets?
107,airplanes are faster than rockets. Are rockets faster than airplanes?
107,airplanes are faster than rockets. Are rockets slower than airplanes?
107,airplanes are slower than rockets. Are airplanes faster than rockets?
107,airplanes are slower than rockets. Are airplanes slower than rockets?
107,airplanes are slower than rockets. Are rockets faster than airplanes?
107,airplanes are slower than rockets. Are rockets slower than airplanes?
107,rockets are faster than airplanes. Are airplanes faster than rockets?
107,rockets are faster than airplanes. Are airplanes slower than rockets?
107,rockets are faster than airplanes. Are rockets faster than airplanes?
107,rockets are faster than airplanes. Are rockets slower than airplanes?
107,rockets are slower than airplanes. Are airplanes faster than rockets?
107,rockets are slower than airplanes. Are airplanes slower than rockets?
107,rockets are slower than airplanes. Are rockets faster than airplanes?
107,rockets are slower than airplanes. Are rockets slower than airplanes?
109,lemons are sweeter than tomatoes. Are lemons sweeter than tomatoes?
109,lemons are sweeter than tomatoes. Are lemons less sweet than tomatoes?
109,lemons are sweeter than tomatoes. Are tomatoes sweeter than lemons?
109,lemons are sweeter than tomatoes. Are tomatoes less sweet than lemons?
109,lemons are less sweet than tomatoes. Are lemons sweeter than tomatoes?
109,lemons are less sweet than tomatoes. Are lemons less sweet than tomatoes?
109,lemons are less sweet than tomatoes. Are tomatoes sweeter than lemons?
109,lemons are less sweet than tomatoes. Are tomatoes less sweet than lemons?
109,tomatoes are sweeter than lemons. Are lemons sweeter than tomatoes?
109,tomatoes are sweeter than lemons. Are lemons less sweet than tomatoes?
109,tomatoes are sweeter than lemons. Are tomatoes sweeter than lemons?
109,tomatoes are sweeter than lemons. Are tomatoes less sweet than lemons?
109,tomatoes are less sweet than lemons. Are lemons sweeter than tomatoes?
109,tomatoes are less sweet than lemons. Are lemons less sweet than tomatoes?
109,tomatoes are less sweet than lemons. Are tomatoes sweeter than lemons?
109,tomatoes are less sweet than lemons. Are tomatoes less sweet than lemons?
111,mice can run run faster than cheetahs. Do mice can run run faster than cheetahs?
111,mice can run run faster than cheetahs. Do mice can run run slower than cheetahs?
111,mice can run run faster than cheetahs. Do cheetahs can run run faster than mice?
111,mice can run run faster than cheetahs. Do cheetahs can run run slower than mice?
111,mice can run run slower than cheetahs. Do mice can run run faster than cheetahs?
111,mice can run run slower than cheetahs. Do mice can run run slower than cheetahs?
111,mice can run run slower than cheetahs. Do cheetahs can run run faster than mice?
111,mice can run run slower than cheetahs. Do cheetahs can run run slower than mice?
111,cheetahs can run run faster than mice. Do mice can run run faster than cheetahs?
111,cheetahs can run run faster than mice. Do mice can run run slower than cheetahs?
111,cheetahs can run run faster than mice. Do cheetahs can run run faster than mice?
111,cheetahs can run run faster than mice. Do cheetahs can run run slower than mice?
111,cheetahs can run run slower than mice. Do mice can run run faster than cheetahs?
111,cheetahs can run run slower than mice. Do mice can run run slower than cheetahs?
111,cheetahs can run run slower than mice. Do cheetahs can run run faster than mice?
111,cheetahs can run run slower than mice. Do cheetahs can run run slower than mice?
113,giraffes are fatter than penguins. Are giraffes fatter than penguins?
113,giraffes are fatter than penguins. Are giraffes skinnier than penguins?
113,giraffes are fatter than penguins. Are penguins fatter than giraffes?
113,giraffes are fatter than penguins. Are penguins skinnier than giraffes?
113,giraffes are skinnier than penguins. Are giraffes fatter than penguins?
113,giraffes are skinnier than penguins. Are giraffes skinnier than penguins?
113,giraffes are skinnier than penguins. Are penguins fatter than giraffes?
113,giraffes are skinnier than penguins. Are penguins skinnier than giraffes?
113,penguins are fatter than giraffes. Are giraffes fatter than penguins?
113,penguins are fatter than giraffes. Are giraffes skinnier than penguins?
113,penguins are fatter than giraffes. Are penguins fatter than giraffes?
113,penguins are fatter than giraffes. Are penguins skinnier than giraffes?
113,penguins are skinnier than giraffes. Are giraffes fatter than penguins?
113,penguins are skinnier than giraffes. Are giraffes skinnier than penguins?
113,penguins are skinnier than giraffes. Are penguins fatter than giraffes?
113,penguins are skinnier than giraffes. Are penguins skinnier than giraffes?
115,fish are more loyal than dogs. Are fish more loyal than dogs?
115,fish are more loyal than dogs. Are fish less loyal than dogs?
115,fish are more loyal than dogs. Are dogs more loyal than fish?
115,fish are more loyal than dogs. Are dogs less loyal than fish?
115,fish are less loyal than dogs. Are fish more loyal than dogs?
115,fish are less loyal than dogs. Are fish less loyal than dogs?
115,fish are less loyal than dogs. Are dogs more loyal than fish?
115,fish are less loyal than dogs. Are dogs less loyal than fish?
115,dogs are more loyal than fish. Are fish more loyal than dogs?
115,dogs are more loyal than fish. Are fish less loyal than dogs?
115,dogs are more loyal than fish. Are dogs more loyal than fish?
115,dogs are more loyal than fish. Are dogs less loyal than fish?
115,dogs are less loyal than fish. Are fish more loyal than dogs?
115,dogs are less loyal than fish. Are fish less loyal than dogs?
115,dogs are less loyal than fish. Are dogs more loyal than fish?
115,dogs are less loyal than fish. Are dogs less loyal than fish?
117,birds are more dangerous than bees. Are birds more dangerous than bees?
117,birds are more dangerous than bees. Are birds less dangerous than bees?
117,birds are more dangerous than bees. Are bees more dangerous than birds?
117,birds are more dangerous than bees. Are bees less dangerous than birds?
117,birds are less dangerous than bees. Are birds more dangerous than bees?
117,birds are less dangerous than bees. Are birds less dangerous than bees?
117,birds are less dangerous than bees. Are bees more dangerous than birds?
117,birds are less dangerous than bees. Are bees less dangerous than birds?
117,bees are more dangerous than birds. Are birds more dangerous than bees?
117,bees are more dangerous than birds. Are birds less dangerous than bees?
117,bees are more dangerous than birds. Are bees more dangerous than birds?
117,bees are more dangerous than birds. Are bees less dangerous than birds?
117,bees are less dangerous than birds. Are birds more dangerous than bees?
117,bees are less dangerous than birds. Are birds less dangerous than bees?
117,bees are less dangerous than birds. Are bees more dangerous than birds?
117,bees are less dangerous than birds. Are bees less dangerous than birds?
119,caterpillars are stronger than ants. Are caterpillars stronger than ants?
119,caterpillars are stronger than ants. Are caterpillars weaker than ants?
119,caterpillars are stronger than ants. Are ants stronger than caterpillars?
119,caterpillars are stronger than ants. Are ants weaker than caterpillars?
119,caterpillars are weaker than ants. Are caterpillars stronger than ants?
119,caterpillars are weaker than ants. Are caterpillars weaker than ants?
119,caterpillars are weaker than ants. Are ants stronger than caterpillars?
119,caterpillars are weaker than ants. Are ants weaker than caterpillars?
119,ants are stronger than caterpillars. Are caterpillars stronger than ants?
119,ants are stronger than caterpillars. Are caterpillars weaker than ants?
119,ants are stronger than caterpillars. Are ants stronger than caterpillars?
119,ants are stronger than caterpillars. Are ants weaker than caterpillars?
119,ants are weaker than caterpillars. Are caterpillars stronger than ants?
119,ants are weaker than caterpillars. Are caterpillars weaker than ants?
119,ants are weaker than caterpillars. Are ants stronger than caterpillars?
119,ants are weaker than caterpillars. Are ants weaker than caterpillars?
121,wolves are more dangerous than lions. Are wolves more dangerous than lions?
121,wolves are more dangerous than lions. Are wolves less dangerous than lions?
121,wolves are more dangerous than lions. Are lions more dangerous than wolves?
121,wolves are more dangerous than lions. Are lions less dangerous than wolves?
121,wolves are less dangerous than lions. Are wolves more dangerous than lions?
121,wolves are less dangerous than lions. Are wolves less dangerous than lions?
121,wolves are less dangerous than lions. Are lions more dangerous than wolves?
121,wolves are less dangerous than lions. Are lions less dangerous than wolves?
121,lions are more dangerous than wolves. Are wolves more dangerous than lions?
121,lions are more dangerous than wolves. Are wolves less dangerous than lions?
121,lions are more dangerous than wolves. Are lions more dangerous than wolves?
121,lions are more dangerous than wolves. Are lions less dangerous than wolves?
121,lions are less dangerous than wolves. Are wolves more dangerous than lions?
121,lions are less dangerous than wolves. Are wolves less dangerous than lions?
121,lions are less dangerous than wolves. Are lions more dangerous than wolves?
121,lions are less dangerous than wolves. Are lions less dangerous than wolves?
123,ants are taller than people. Are ants taller than people?
123,ants are taller than people. Are ants shorter than people?
123,ants are taller than people. Are people taller than ants?
123,ants are taller than people. Are people shorter than ants?
123,ants are shorter than people. Are ants taller than people?
123,ants are shorter than people. Are ants shorter than people?
123,ants are shorter than people. Are people taller than ants?
123,ants are shorter than people. Are people shorter than ants?
123,people are taller than ants. Are ants taller than people?
123,people are taller than ants. Are ants shorter than people?
123,people are taller than ants. Are people taller than ants?
123,people are taller than ants. Are people shorter than ants?
123,people are shorter than ants. Are ants taller than people?
123,people are shorter than ants. Are ants shorter than people?
123,people are shorter than ants. Are people taller than ants?
123,people are shorter than ants. Are people shorter than ants?
125,fish are more beautiful than butterflies. Are fish more beautiful than butterflies?
125,fish are more beautiful than butterflies. Are fish less beautiful than butterflies?
125,fish are more beautiful than butterflies. Are butterflies more beautiful than fish?
125,fish are more beautiful than butterflies. Are butterflies less beautiful than fish?
125,fish are less beautiful than butterflies. Are fish more beautiful than butterflies?
125,fish are less beautiful than butterflies. Are fish less beautiful than butterflies?
125,fish are less beautiful than butterflies. Are butterflies more beautiful than fish?
125,fish are less beautiful than butterflies. Are butterflies less beautiful than fish?
125,butterflies are more beautiful than fish. Are fish more beautiful than butterflies?
125,butterflies are more beautiful than fish. Are fish less beautiful than butterflies?
125,butterflies are more beautiful than fish. Are butterflies more beautiful than fish?
125,butterflies are more beautiful than fish. Are butterflies less beautiful than fish?
125,butterflies are less beautiful than fish. Are fish more beautiful than butterflies?
125,butterflies are less beautiful than fish. Are fish less beautiful than butterflies?
125,butterflies are less beautiful than fish. Are butterflies more beautiful than fish?
125,butterflies are less beautiful than fish. Are butterflies less beautiful than fish?
127,cats are stronger than dogs. Are cats stronger than dogs?
127,cats are stronger than dogs. Are cats weaker than dogs?
127,cats are stronger than dogs. Are dogs stronger than cats?
127,cats are stronger than dogs. Are dogs weaker than cats?
127,cats are weaker than dogs. Are cats stronger than dogs?
127,cats are weaker than dogs. Are cats weaker than dogs?
127,cats are weaker than dogs. Are dogs stronger than cats?
127,cats are weaker than dogs. Are dogs weaker than cats?
127,dogs are stronger than cats. Are cats stronger than dogs?
127,dogs are stronger than cats. Are cats weaker than dogs?
127,dogs are stronger than cats. Are dogs stronger than cats?
127,dogs are stronger than cats. Are dogs weaker than cats?
127,dogs are weaker than cats. Are cats stronger than dogs?
127,dogs are weaker than cats. Are cats weaker than dogs?
127,dogs are weaker than cats. Are dogs stronger than cats?
127,dogs are weaker than cats. Are dogs weaker than cats?
129,insects are stronger than gorillas. Are insects stronger than gorillas?
129,insects are stronger than gorillas. Are insects weaker than gorillas?
129,insects are stronger than gorillas. Is gorillas stronger than insects?
129,insects are stronger than gorillas. Is gorillas weaker than insects?
129,insects are weaker than gorillas. Are insects stronger than gorillas?
129,insects are weaker than gorillas. Are insects weaker than gorillas?
129,insects are weaker than gorillas. Is gorillas stronger than insects?
129,insects are weaker than gorillas. Is gorillas weaker than insects?
129,gorillas are stronger than insects. Are insects stronger than gorillas?
129,gorillas are stronger than insects. Are insects weaker than gorillas?
129,gorillas are stronger than insects. Is gorillas stronger than insects?
129,gorillas are stronger than insects. Is gorillas weaker than insects?
129,gorillas are weaker than insects. Are insects stronger than gorillas?
129,gorillas are weaker than insects. Are insects weaker than gorillas?
129,gorillas are weaker than insects. Is gorillas stronger than insects?
129,gorillas are weaker than insects. Is gorillas weaker than insects?
131,night is hotter than day. Is night hotter than day?
131,night is hotter than day. Is night colder than day?
131,night is hotter than day. Is day hotter than night?
131,night is hotter than day. Is day colder than night?
131,night is colder than day. Is night hotter than day?
131,night is colder than day. Is night colder than day?
131,night is colder than day. Is day hotter than night?
131,night is colder than day. Is day colder than night?
131,day is hotter than night. Is night hotter than day?
131,day is hotter than night. Is night colder than day?
131,day is hotter than night. Is day hotter than night?
131,day is hotter than night. Is day colder than night?
131,day is colder than night. Is night hotter than day?
131,day is colder than night. Is night colder than day?
131,day is colder than night. Is day hotter than night?
131,day is colder than night. Is day colder than night?
133,silver is more expensive than gold. Is silver more expensive than gold?
133,silver is more expensive than gold. Is silver less expensive than gold?
133,silver is more expensive than gold. Is gold more expensive than silver?
133,silver is more expensive than gold. Is gold less expensive than silver?
133,silver is less expensive than gold. Is silver more expensive than gold?
133,silver is less expensive than gold. Is silver less expensive than gold?
133,silver is less expensive than gold. Is gold more expensive than silver?
133,silver is less expensive than gold. Is gold less expensive than silver?
133,gold is more expensive than silver. Is silver more expensive than gold?
133,gold is more expensive than silver. Is silver less expensive than gold?
133,gold is more expensive than silver. Is gold more expensive than silver?
133,gold is more expensive than silver. Is gold less expensive than silver?
133,gold is less expensive than silver. Is silver more expensive than gold?
133,gold is less expensive than silver. Is silver less expensive than gold?
133,gold is less expensive than silver. Is gold more expensive than silver?
133,gold is less expensive than silver. Is gold less expensive than silver?
135,enemies are better than friends. Are enemies better than friends?
135,enemies are better than friends. Are enemies worse than friends?
135,enemies are better than friends. Are friends better than enemies?
135,enemies are better than friends. Are friends worse than enemies?
135,enemies are worse than friends. Are enemies better than friends?
135,enemies are worse than friends. Are enemies worse than friends?
135,enemies are worse than friends. Are friends better than enemies?
135,enemies are worse than friends. Are friends worse than enemies?
135,friends are better than enemies. Are enemies better than friends?
135,friends are better than enemies. Are enemies worse than friends?
135,friends are better than enemies. Are friends better than enemies?
135,friends are better than enemies. Are friends worse than enemies?
135,friends are worse than enemies. Are enemies better than friends?
135,friends are worse than enemies. Are enemies worse than friends?
135,friends are worse than enemies. Are friends better than enemies?
135,friends are worse than enemies. Are friends worse than enemies?
137,cars are bigger than boats. Are cars bigger than boats?
137,cars are bigger than boats. Are cars smaller than boats?
137,cars are bigger than boats. Are boats bigger than cars?
137,cars are bigger than boats. Are boats smaller than cars?
137,cars are smaller than boats. Are cars bigger than boats?
137,cars are smaller than boats. Are cars smaller than boats?
137,cars are smaller than boats. Are boats bigger than cars?
137,cars are smaller than boats. Are boats smaller than cars?
137,boats are bigger than cars. Are cars bigger than boats?
137,boats are bigger than cars. Are cars smaller than boats?
137,boats are bigger than cars. Are boats bigger than cars?
137,boats are bigger than cars. Are boats smaller than cars?
137,boats are smaller than cars. Are cars bigger than boats?
137,boats are smaller than cars. Are cars smaller than boats?
137,boats are smaller than cars. Are boats bigger than cars?
137,boats are smaller than cars. Are boats smaller than cars?
139,horses are faster than cars. Are horses faster than cars?
139,horses are faster than cars. Are horses slower than cars?
139,horses are faster than cars. Are cars faster than horses?
139,horses are faster than cars. Are cars slower than horses?
139,horses are slower than cars. Are horses faster than cars?
139,horses are slower than cars. Are horses slower than cars?
139,horses are slower than cars. Are cars faster than horses?
139,horses are slower than cars. Are cars slower than horses?
139,cars are faster than horses. Are horses faster than cars?
139,cars are faster than horses. Are horses slower than cars?
139,cars are faster than horses. Are cars faster than horses?
139,cars are faster than horses. Are cars slower than horses?
139,cars are slower than horses. Are horses faster than cars?
139,cars are slower than horses. Are horses slower than cars?
139,cars are slower than horses. Are cars faster than horses?
139,cars are slower than horses. Are cars slower than horses?
141,snow is wetter than rain. Is snow wetter than rain?
141,snow is wetter than rain. Is snow drier than rain?
141,snow is wetter than rain. Is rain wetter than snow?
141,snow is wetter than rain. Is rain drier than snow?
141,snow is drier than rain. Is snow wetter than rain?
141,snow is drier than rain. Is snow drier than rain?
141,snow is drier than rain. Is rain wetter than snow?
141,snow is drier than rain. Is rain drier than snow?
141,rain is wetter than snow. Is snow wetter than rain?
141,rain is wetter than snow. Is snow drier than rain?
141,rain is wetter than snow. Is rain wetter than snow?
141,rain is wetter than snow. Is rain drier than snow?
141,rain is drier than snow. Is snow wetter than rain?
141,rain is drier than snow. Is snow drier than rain?
141,rain is drier than snow. Is rain wetter than snow?
141,rain is drier than snow. Is rain drier than snow?
143,winter is hotter than summer. Is winter hotter than summer?
143,winter is hotter than summer. Is winter colder than summer?
143,winter is hotter than summer. Is summer hotter than winter?
143,winter is hotter than summer. Is summer colder than winter?
143,winter is colder than summer. Is winter hotter than summer?
143,winter is colder than summer. Is winter colder than summer?
143,winter is colder than summer. Is summer hotter than winter?
143,winter is colder than summer. Is summer colder than winter?
143,summer is hotter than winter. Is winter hotter than summer?
143,summer is hotter than winter. Is winter colder than summer?
143,summer is hotter than winter. Is summer hotter than winter?
143,summer is hotter than winter. Is summer colder than winter?
143,summer is colder than winter. Is winter hotter than summer?
143,summer is colder than winter. Is winter colder than summer?
143,summer is colder than winter. Is summer hotter than winter?
143,summer is colder than winter. Is summer colder than winter?
145,Europe is bigger than Africa. Is Europe bigger than Africa?
145,Europe is bigger than Africa. Is Europe smaller than Africa?
145,Europe is bigger than Africa. Is Africa bigger than Europe?
145,Europe is bigger than Africa. Is Africa smaller than Europe?
145,Europe is smaller than Africa. Is Europe bigger than Africa?
145,Europe is smaller than Africa. Is Europe smaller than Africa?
145,Europe is smaller than Africa. Is Africa bigger than Europe?
145,Europe is smaller than Africa. Is Africa smaller than Europe?
145,Africa is bigger than Europe. Is Europe bigger than Africa?
145,Africa is bigger than Europe. Is Europe smaller than Africa?
145,Africa is bigger than Europe. Is Africa bigger than Europe?
145,Africa is bigger than Europe. Is Africa smaller than Europe?
145,Africa is smaller than Europe. Is Europe bigger than Africa?
145,Africa is smaller than Europe. Is Europe smaller than Africa?
145,Africa is smaller than Europe. Is Africa bigger than Europe?
145,Africa is smaller than Europe. Is Africa smaller than Europe?
147,Europe is bigger than Latin America. Is Europe bigger than Latin America?
147,Europe is bigger than Latin America. Is Europe smaller than Latin America?
147,Europe is bigger than Latin America. Is Latin America bigger than Europe?
147,Europe is bigger than Latin America. Is Latin America smaller than Europe?
147,Europe is smaller than Latin America. Is Europe bigger than Latin America?
147,Europe is smaller than Latin America. Is Europe smaller than Latin America?
147,Europe is smaller than Latin America. Is Latin America bigger than Europe?
147,Europe is smaller than Latin America. Is Latin America smaller than Europe?
147,Latin America is bigger than Europe. Is Europe bigger than Latin America?
147,Latin America is bigger than Europe. Is Europe smaller than Latin America?
147,Latin America is bigger than Europe. Is Latin America bigger than Europe?
147,Latin America is bigger than Europe. Is Latin America smaller than Europe?
147,Latin America is smaller than Europe. Is Europe bigger than Latin America?
147,Latin America is smaller than Europe. Is Europe smaller than Latin America?
147,Latin America is smaller than Europe. Is Latin America bigger than Europe?
147,Latin America is smaller than Europe. Is Latin America smaller than Europe?
149,Europe is bigger than Asia. Is Europe bigger than Asia?
149,Europe is bigger than Asia. Is Europe smaller than Asia?
149,Europe is bigger than Asia. Is Asia bigger than Europe?
149,Europe is bigger than Asia. Is Asia smaller than Europe?
149,Europe is smaller than Asia. Is Europe bigger than Asia?
149,Europe is smaller than Asia. Is Europe smaller than Asia?
149,Europe is smaller than Asia. Is Asia bigger than Europe?
149,Europe is smaller than Asia. Is Asia smaller than Europe?
149,Asia is bigger than Europe. Is Europe bigger than Asia?
149,Asia is bigger than Europe. Is Europe smaller than Asia?
149,Asia is bigger than Europe. Is Asia bigger than Europe?
149,Asia is bigger than Europe. Is Asia smaller than Europe?
149,Asia is smaller than Europe. Is Europe bigger than Asia?
149,Asia is smaller than Europe. Is Europe smaller than Asia?
149,Asia is smaller than Europe. Is Asia bigger than Europe?
149,Asia is smaller than Europe. Is Asia smaller than Europe?
151,Australia is bigger than Africa. Is Australia bigger than Africa?
151,Australia is bigger than Africa. Is Australia smaller than Africa?
151,Australia is bigger than Africa. Is Africa bigger than Australia?
151,Australia is bigger than Africa. Is Africa smaller than Australia?
151,Australia is smaller than Africa. Is Australia bigger than Africa?
151,Australia is smaller than Africa. Is Australia smaller than Africa?
151,Australia is smaller than Africa. Is Africa bigger than Australia?
151,Australia is smaller than Africa. Is Africa smaller than Australia?
151,Africa is bigger than Australia. Is Australia bigger than Africa?
151,Africa is bigger than Australia. Is Australia smaller than Africa?
151,Africa is bigger than Australia. Is Africa bigger than Australia?
151,Africa is bigger than Australia. Is Africa smaller than Australia?
151,Africa is smaller than Australia. Is Australia bigger than Africa?
151,Africa is smaller than Australia. Is Australia smaller than Africa?
151,Africa is smaller than Australia. Is Africa bigger than Australia?
151,Africa is smaller than Australia. Is Africa smaller than Australia?
153,moon is hotter than sun. Is moon hotter than sun?
153,moon is hotter than sun. Is moon colder than sun?
153,moon is hotter than sun. Is sun hotter than moon?
153,moon is hotter than sun. Is sun colder than moon?
153,moon is colder than sun. Is moon hotter than sun?
153,moon is colder than sun. Is moon colder than sun?
153,moon is colder than sun. Is sun hotter than moon?
153,moon is colder than sun. Is sun colder than moon?
153,sun is hotter than moon. Is moon hotter than sun?
153,sun is hotter than moon. Is moon colder than sun?
153,sun is hotter than moon. Is sun hotter than moon?
153,sun is hotter than moon. Is sun colder than moon?
153,sun is colder than moon. Is moon hotter than sun?
153,sun is colder than moon. Is moon colder than sun?
153,sun is colder than moon. Is sun hotter than moon?
153,sun is colder than moon. Is sun colder than moon?
155,moon is brighter than sun. Is moon brighter than sun?
155,moon is brighter than sun. Is moon dimmer than sun?
155,moon is brighter than sun. Is sun brighter than moon?
155,moon is brighter than sun. Is sun dimmer than moon?
155,moon is dimmer than sun. Is moon brighter than sun?
155,moon is dimmer than sun. Is moon dimmer than sun?
155,moon is dimmer than sun. Is sun brighter than moon?
155,moon is dimmer than sun. Is sun dimmer than moon?
155,sun is brighter than moon. Is moon brighter than sun?
155,sun is brighter than moon. Is moon dimmer than sun?
155,sun is brighter than moon. Is sun brighter than moon?
155,sun is brighter than moon. Is sun dimmer than moon?
155,sun is dimmer than moon. Is moon brighter than sun?
155,sun is dimmer than moon. Is moon dimmer than sun?
155,sun is dimmer than moon. Is sun brighter than moon?
155,sun is dimmer than moon. Is sun dimmer than moon?
